{
    "best_r2_scores": {
        "XGBRegressor": {
            "r2": 0.06899070739746094, 
            "explained_variance": 0.06915283203125, 
            "MAE": 0.644310474395752, 
            "RMSE": 0.8450305461883545
        }
    }, 
    "best_rmse_scores": {
        "XGBRegressor": {
            "r2": 0.06899070739746094, 
            "explained_variance": 0.06915283203125, 
            "MAE": 0.644310474395752, 
            "RMSE": 0.8450305461883545
        }
    }
}