{
    "best_r2_scores": {
        "XGBRegressor": {
            "r2": 0.6998926401138306, 
            "explained_variance": 0.699912428855896, 
            "MAE": 0.4266384541988373, 
            "RMSE": 0.5625949501991272
        }
    }, 
    "best_rmse_scores": {
        "XGBRegressor": {
            "r2": 0.6998926401138306, 
            "explained_variance": 0.699912428855896, 
            "MAE": 0.4266384541988373, 
            "RMSE": 0.5625949501991272
        }
    }
}