,Column,Metric,Score
0,0,TVComplement,0.9839228295819936
1,1,TVComplement,0.9845659163987138
2,2,TVComplement,0.9877813504823151
3,3,TVComplement,0.9948553054662379
4,4,TVComplement,0.9916398713826367
5,5,TVComplement,0.9819935691318328
6,6,TVComplement,0.9903536977491961
