,Column,Metric,Score
0,0,KSComplement,0.9906069556424789
1,1,KSComplement,0.9964077592400414
2,2,KSComplement,0.9951837364625742
3,3,KSComplement,0.9888507490487214
4,4,KSComplement,0.998270402597057
5,5,KSComplement,0.9961150581410819
6,6,KSComplement,0.994704771027913
7,7,TVComplement,0.9969931614379607
8,8,TVComplement,0.9930283920065991
9,9,TVComplement,0.9861366115856417
10,10,TVComplement,0.9751470157792501
11,11,TVComplement,0.9933210931055586
