,Column,Metric,Score
0,0,TVComplement,0.9926268861454046
1,1,TVComplement,0.9915123456790124
2,2,TVComplement,0.9950274348422496
3,3,TVComplement,0.9962277091906722
4,4,TVComplement,0.9931412894375857
5,5,TVComplement,0.9943415637860082
6,6,TVComplement,0.9909979423868314
7,7,TVComplement,0.9981995884773662
8,8,TVComplement,0.9897119341563786
