,Column,Metric,Score
0,0,RangeCoverage,0.9923814094548695
1,1,RangeCoverage,0.8728417789101401
2,2,RangeCoverage,0.9983978136001483
3,3,RangeCoverage,0.9973147732696898
4,4,RangeCoverage,0.9998405990510082
5,5,RangeCoverage,0.988107100490458
6,6,RangeCoverage,0.943031199734784
7,7,RangeCoverage,0.9493728899635174
8,8,RangeCoverage,0.9999999086567667
9,9,RangeCoverage,0.9891277987444856
10,10,CategoryCoverage,1.0
