,Column,Metric,Score
0,0,KSComplement,0.9924636326459075
1,1,KSComplement,0.9930478471694806
2,2,KSComplement,0.9952678623590583
3,3,KSComplement,0.9953847052637729
4,4,KSComplement,0.9938657475024829
5,5,KSComplement,0.9933983758836245
6,6,KSComplement,0.9895425600280423
7,7,KSComplement,0.9942162762166268
8,8,KSComplement,0.9931062686218379
9,9,KSComplement,0.9958520768826313
10,10,TVComplement,0.9952094409067009
